clase,n_ventanas,H0_total_persistence,H1_total_persistence,H2_total_persistence,H0_persistence_entropy,H1_persistence_entropy,H2_persistence_entropy
Ball,2841,6.3795847983342675,0.3122308894261503,0.012084704477291467,4.436370335819038,2.9679488821612168,0.6514131652251086
Inner_Race,2632,14.710674970181561,0.5028200989842448,0.014428856757138276,4.277170338424052,2.8353660984558937,0.47974069402895114
Normal,942,3.670786705654067,0.2602525983626644,0.014836661877494203,4.496806011512083,3.174992953206655,1.1195557864353496
Outer_Race,2842,20.56317264276253,0.5332478614999827,0.009803918673329836,4.165358553469279,2.6747352155539335,0.35889298497738226
